{
    "n_estimators": 100,
    "colsample_bytree": 0.803405898238231,
    "lr": 0.38838647219386685,
    "max_depth": 13,
    "min_samples_leaf": 42,
    "subsample": 0.7609862969339997
}